<?xml version="1.0" encoding="UTF-8"?>
<project version="4">
  <component name="AutoImportSettings">
    <option name="autoReloadType" value="SELECTIVE" />
  </component>
  <component name="ChangeListManager">
    <list default="true" id="563c4703-f2b2-4abb-9992-3d5977702285" name="Changes" comment="" />
    <option name="SHOW_DIALOG" value="false" />
    <option name="HIGHLIGHT_CONFLICTS" value="true" />
    <option name="HIGHLIGHT_NON_ACTIVE_CHANGELIST" value="false" />
    <option name="LAST_RESOLUTION" value="IGNORE" />
  </component>
  <component name="FileTemplateManagerImpl">
    <option name="RECENT_TEMPLATES">
      <list>
        <option value="Python Script" />
      </list>
    </option>
  </component>
  <component name="ProjectId" id="2Q6t6sm8vK3Oa1jaUsSYrJFH05p" />
  <component name="ProjectViewState">
    <option name="hideEmptyMiddlePackages" value="true" />
    <option name="showLibraryContents" value="true" />
  </component>
  <component name="PropertiesComponent"><![CDATA[{
  "keyToString": {
    "RunOnceActivity.ShowReadmeOnStart": "true",
    "last_opened_file_path": "C:/Users/venug/PycharmProjects/selectingroi",
    "settings.editor.selected.configurable": "com.jetbrains.python.configuration.PyActiveSdkModuleConfigurable"
  }
}]]></component>
  <component name="RecentsManager">
    <key name="MoveFile.RECENT_KEYS">
      <recent name="C:\Users\venug\Music\car_parking" />
    </key>
  </component>
  <component name="RunManager" selected="Python.main">
    <configuration name="main" type="PythonConfigurationType" factoryName="Python" nameIsGenerated="true">
      <module name="car_parking" />
      <option name="INTERPRETER_OPTIONS" value="" />
      <option name="PARENT_ENVS" value="true" />
      <envs>
        <env name="PYTHONUNBUFFERED" value="1" />
      </envs>
      <option name="SDK_HOME" value="" />
      <option name="WORKING_DIRECTORY" value="$PROJECT_DIR$" />
      <option name="IS_MODULE_SDK" value="true" />
      <option name="ADD_CONTENT_ROOTS" value="true" />
      <option name="ADD_SOURCE_ROOTS" value="true" />
      <option name="SCRIPT_NAME" value="$PROJECT_DIR$/main.py" />
      <option name="PARAMETERS" value="" />
      <option name="SHOW_COMMAND_LINE" value="false" />
      <option name="EMULATE_TERMINAL" value="false" />
      <option name="MODULE_MODE" value="false" />
      <option name="REDIRECT_INPUT" value="false" />
      <option name="INPUT_FILE" value="" />
      <method v="2" />
    </configuration>
    <configuration name="parking" type="PythonConfigurationType" factoryName="Python" temporary="true" nameIsGenerated="true">
      <module name="car_parking" />
      <option name="INTERPRETER_OPTIONS" value="" />
      <option name="PARENT_ENVS" value="true" />
      <envs>
        <env name="PYTHONUNBUFFERED" value="1" />
      </envs>
      <option name="SDK_HOME" value="" />
      <option name="WORKING_DIRECTORY" value="$PROJECT_DIR$" />
      <option name="IS_MODULE_SDK" value="true" />
      <option name="ADD_CONTENT_ROOTS" value="true" />
      <option name="ADD_SOURCE_ROOTS" value="true" />
      <option name="SCRIPT_NAME" value="$PROJECT_DIR$/parking.py" />
      <option name="PARAMETERS" value="" />
      <option name="SHOW_COMMAND_LINE" value="false" />
      <option name="EMULATE_TERMINAL" value="false" />
      <option name="MODULE_MODE" value="false" />
      <option name="REDIRECT_INPUT" value="false" />
      <option name="INPUT_FILE" value="" />
      <method v="2" />
    </configuration>
    <recent_temporary>
      <list>
        <item itemvalue="Python.parking" />
      </list>
    </recent_temporary>
  </component>
  <component name="SpellCheckerSettings" RuntimeDictionaries="0" Folders="0" CustomDictionaries="0" DefaultDictionary="application-level" UseSingleDictionary="true" transferred="true" />
  <component name="TaskManager">
    <task active="true" id="Default" summary="Default task">
      <changelist id="563c4703-f2b2-4abb-9992-3d5977702285" name="Changes" comment="" />
      <created>1684685686964</created>
      <option name="number" value="Default" />
      <option name="presentableId" value="Default" />
      <updated>1684685686964</updated>
    </task>
    <servers />
  </component>
</project>